,rmse,mae,r2
XGBoost,6.536705461253865,3.792845780158418,0.9427207452371121
Random Forest,6.569091690500436,3.7456187860292225,0.9421517569143985
