,rmse,mae,r2
XGBoost,6.532021252658695,3.7860578718240436,0.9428028085468986
Random Forest,6.569091690500436,3.7456187860292225,0.9421517569143985
LightGBM,6.574874513234691,3.807599741723132,0.9420498635647528
